{"frames": {

"fire0000":
{
	"frame": {"x":993,"y":887,"w":84,"h":84},
	"rotated": false,
	"trimmed": true,
	"spriteSourceSize": {"x":41,"y":342,"w":168,"h":428},
	"sourceSize": {"w":168,"h":428}
},
"fire0001":
{
	"frame": {"x":993,"y":796,"w":88,"h":89},
	"rotated": false,
	"trimmed": true,
	"spriteSourceSize": {"x":39,"y":337,"w":168,"h":428},
	"sourceSize": {"w":168,"h":428}
},
"fire0002":
{
	"frame": {"x":459,"y":1024,"w":98,"h":103},
	"rotated": false,
	"trimmed": true,
	"spriteSourceSize": {"x":34,"y":324,"w":168,"h":428},
	"sourceSize": {"w":168,"h":428}
},
"fire0003":
{
	"frame": {"x":459,"y":916,"w":100,"h":106},
	"rotated": false,
	"trimmed": true,
	"spriteSourceSize": {"x":31,"y":320,"w":168,"h":428},
	"sourceSize": {"w":168,"h":428}
},
"fire0004":
{
	"frame": {"x":459,"y":806,"w":102,"h":108},
	"rotated": false,
	"trimmed": true,
	"spriteSourceSize": {"x":31,"y":317,"w":168,"h":428},
	"sourceSize": {"w":168,"h":428}
},
"fire0005":
{
	"frame": {"x":836,"y":558,"w":109,"h":119},
	"rotated": false,
	"trimmed": true,
	"spriteSourceSize": {"x":29,"y":307,"w":168,"h":428},
	"sourceSize": {"w":168,"h":428}
},
"fire0006":
{
	"frame": {"x":836,"y":432,"w":112,"h":124},
	"rotated": false,
	"trimmed": true,
	"spriteSourceSize": {"x":27,"y":302,"w":168,"h":428},
	"sourceSize": {"w":168,"h":428}
},
"fire0007":
{
	"frame": {"x":3,"y":968,"w":116,"h":130},
	"rotated": false,
	"trimmed": true,
	"spriteSourceSize": {"x":27,"y":297,"w":168,"h":428},
	"sourceSize": {"w":168,"h":428}
},
"fire0008":
{
	"frame": {"x":165,"y":1101,"w":119,"h":135},
	"rotated": false,
	"trimmed": true,
	"spriteSourceSize": {"x":25,"y":291,"w":168,"h":428},
	"sourceSize": {"w":168,"h":428}
},
"fire0009":
{
	"frame": {"x":3,"y":826,"w":127,"h":140},
	"rotated": false,
	"trimmed": true,
	"spriteSourceSize": {"x":21,"y":285,"w":168,"h":428},
	"sourceSize": {"w":168,"h":428}
},
"fire0010":
{
	"frame": {"x":1713,"y":1358,"w":130,"h":146},
	"rotated": false,
	"trimmed": true,
	"spriteSourceSize": {"x":20,"y":280,"w":168,"h":428},
	"sourceSize": {"w":168,"h":428}
},
"fire0011":
{
	"frame": {"x":298,"y":1354,"w":134,"h":150},
	"rotated": false,
	"trimmed": true,
	"spriteSourceSize": {"x":17,"y":275,"w":168,"h":428},
	"sourceSize": {"w":168,"h":428}
},
"fire0012":
{
	"frame": {"x":158,"y":1354,"w":138,"h":154},
	"rotated": false,
	"trimmed": true,
	"spriteSourceSize": {"x":16,"y":272,"w":168,"h":428},
	"sourceSize": {"w":168,"h":428}
},
"fire0013":
{
	"frame": {"x":694,"y":839,"w":138,"h":158},
	"rotated": false,
	"trimmed": true,
	"spriteSourceSize": {"x":14,"y":268,"w":168,"h":428},
	"sourceSize": {"w":168,"h":428}
},
"fire0014":
{
	"frame": {"x":1010,"y":1347,"w":147,"h":166},
	"rotated": false,
	"trimmed": true,
	"spriteSourceSize": {"x":9,"y":259,"w":168,"h":428},
	"sourceSize": {"w":168,"h":428}
},
"fire0015":
{
	"frame": {"x":603,"y":1345,"w":151,"h":172},
	"rotated": false,
	"trimmed": true,
	"spriteSourceSize": {"x":9,"y":254,"w":168,"h":428},
	"sourceSize": {"w":168,"h":428}
},
"fire0016":
{
	"frame": {"x":3,"y":1343,"w":153,"h":177},
	"rotated": false,
	"trimmed": true,
	"spriteSourceSize": {"x":6,"y":250,"w":168,"h":428},
	"sourceSize": {"w":168,"h":428}
},
"fire0017":
{
	"frame": {"x":1169,"y":1340,"w":155,"h":182},
	"rotated": false,
	"trimmed": true,
	"spriteSourceSize": {"x":5,"y":245,"w":168,"h":428},
	"sourceSize": {"w":168,"h":428}
},
"fire0018":
{
	"frame": {"x":1330,"y":1339,"w":157,"h":187},
	"rotated": false,
	"trimmed": true,
	"spriteSourceSize": {"x":4,"y":239,"w":168,"h":428},
	"sourceSize": {"w":168,"h":428}
},
"fire0019":
{
	"frame": {"x":1552,"y":1171,"w":159,"h":196},
	"rotated": false,
	"trimmed": true,
	"spriteSourceSize": {"x":3,"y":231,"w":168,"h":428},
	"sourceSize": {"w":168,"h":428}
},
"fire0020":
{
	"frame": {"x":443,"y":1169,"w":158,"h":203},
	"rotated": false,
	"trimmed": true,
	"spriteSourceSize": {"x":4,"y":223,"w":168,"h":428},
	"sourceSize": {"w":168,"h":428}
},
"fire0021":
{
	"frame": {"x":1802,"y":1145,"w":159,"h":211},
	"rotated": false,
	"trimmed": true,
	"spriteSourceSize": {"x":4,"y":215,"w":168,"h":428},
	"sourceSize": {"w":168,"h":428}
},
"fire0022":
{
	"frame": {"x":1169,"y":1119,"w":159,"h":219},
	"rotated": false,
	"trimmed": true,
	"spriteSourceSize": {"x":4,"y":207,"w":168,"h":428},
	"sourceSize": {"w":168,"h":428}
},
"fire0023":
{
	"frame": {"x":1010,"y":1119,"w":157,"h":226},
	"rotated": false,
	"trimmed": true,
	"spriteSourceSize": {"x":7,"y":201,"w":168,"h":428},
	"sourceSize": {"w":168,"h":428}
},
"fire0024":
{
	"frame": {"x":3,"y":1101,"w":160,"h":240},
	"rotated": false,
	"trimmed": true,
	"spriteSourceSize": {"x":5,"y":186,"w":168,"h":428},
	"sourceSize": {"w":168,"h":428}
},
"fire0025":
{
	"frame": {"x":694,"y":1095,"w":165,"h":248},
	"rotated": false,
	"trimmed": true,
	"spriteSourceSize": {"x":3,"y":178,"w":168,"h":428},
	"sourceSize": {"w":168,"h":428}
},
"fire0026":
{
	"frame": {"x":1387,"y":1083,"w":163,"h":254},
	"rotated": false,
	"trimmed": true,
	"spriteSourceSize": {"x":2,"y":172,"w":168,"h":428},
	"sourceSize": {"w":168,"h":428}
},
"fire0027":
{
	"frame": {"x":292,"y":806,"w":165,"h":264},
	"rotated": false,
	"trimmed": true,
	"spriteSourceSize": {"x":0,"y":164,"w":168,"h":428},
	"sourceSize": {"w":168,"h":428}
},
"fire0028":
{
	"frame": {"x":861,"y":1095,"w":147,"h":270},
	"rotated": false,
	"trimmed": true,
	"spriteSourceSize": {"x":6,"y":155,"w":168,"h":428},
	"sourceSize": {"w":168,"h":428}
},
"fire0029":
{
	"frame": {"x":292,"y":1072,"w":149,"h":280},
	"rotated": false,
	"trimmed": true,
	"spriteSourceSize": {"x":8,"y":145,"w":168,"h":428},
	"sourceSize": {"w":168,"h":428}
},
"fire0030":
{
	"frame": {"x":1387,"y":788,"w":162,"h":293},
	"rotated": false,
	"trimmed": true,
	"spriteSourceSize": {"x":6,"y":134,"w":168,"h":428},
	"sourceSize": {"w":168,"h":428}
},
"fire0031":
{
	"frame": {"x":836,"y":796,"w":155,"h":297},
	"rotated": false,
	"trimmed": true,
	"spriteSourceSize": {"x":5,"y":128,"w":168,"h":428},
	"sourceSize": {"w":168,"h":428}
},
"fire0032":
{
	"frame": {"x":134,"y":788,"w":156,"h":311},
	"rotated": false,
	"trimmed": true,
	"spriteSourceSize": {"x":4,"y":114,"w":168,"h":428},
	"sourceSize": {"w":168,"h":428}
},
"fire0033":
{
	"frame": {"x":1231,"y":782,"w":154,"h":317},
	"rotated": false,
	"trimmed": true,
	"spriteSourceSize": {"x":8,"y":108,"w":168,"h":428},
	"sourceSize": {"w":168,"h":428}
},
"fire0034":
{
	"frame": {"x":1552,"y":788,"w":116,"h":317},
	"rotated": false,
	"trimmed": true,
	"spriteSourceSize": {"x":23,"y":110,"w":168,"h":428},
	"sourceSize": {"w":168,"h":428}
},
"fire0035":
{
	"frame": {"x":1084,"y":774,"w":145,"h":343},
	"rotated": false,
	"trimmed": true,
	"spriteSourceSize": {"x":12,"y":84,"w":168,"h":428},
	"sourceSize": {"w":168,"h":428}
},
"fire0036":
{
	"frame": {"x":1729,"y":3,"w":151,"h":379},
	"rotated": false,
	"trimmed": true,
	"spriteSourceSize": {"x":6,"y":47,"w":168,"h":428},
	"sourceSize": {"w":168,"h":428}
},
"fire0037":
{
	"frame": {"x":1103,"y":3,"w":157,"h":378},
	"rotated": false,
	"trimmed": true,
	"spriteSourceSize": {"x":3,"y":48,"w":168,"h":428},
	"sourceSize": {"w":168,"h":428}
},
"fire0038":
{
	"frame": {"x":159,"y":3,"w":162,"h":391},
	"rotated": false,
	"trimmed": true,
	"spriteSourceSize": {"x":1,"y":34,"w":168,"h":428},
	"sourceSize": {"w":168,"h":428}
},
"fire0039":
{
	"frame": {"x":487,"y":3,"w":156,"h":399},
	"rotated": false,
	"trimmed": true,
	"spriteSourceSize": {"x":12,"y":27,"w":168,"h":428},
	"sourceSize": {"w":168,"h":428}
},
"fire0040":
{
	"frame": {"x":950,"y":409,"w":132,"h":385},
	"rotated": false,
	"trimmed": true,
	"spriteSourceSize": {"x":19,"y":42,"w":168,"h":428},
	"sourceSize": {"w":168,"h":428}
},
"fire0041":
{
	"frame": {"x":3,"y":431,"w":129,"h":393},
	"rotated": false,
	"trimmed": true,
	"spriteSourceSize": {"x":16,"y":34,"w":168,"h":428},
	"sourceSize": {"w":168,"h":428}
},
"fire0042":
{
	"frame": {"x":433,"y":404,"w":133,"h":400},
	"rotated": false,
	"trimmed": true,
	"spriteSourceSize": {"x":10,"y":26,"w":168,"h":428},
	"sourceSize": {"w":168,"h":428}
},
"fire0043":
{
	"frame": {"x":1729,"y":384,"w":137,"h":395},
	"rotated": false,
	"trimmed": true,
	"spriteSourceSize": {"x":6,"y":31,"w":168,"h":428},
	"sourceSize": {"w":168,"h":428}
},
"fire0044":
{
	"frame": {"x":159,"y":396,"w":137,"h":390},
	"rotated": false,
	"trimmed": true,
	"spriteSourceSize": {"x":10,"y":37,"w":168,"h":428},
	"sourceSize": {"w":168,"h":428}
},
"fire0045":
{
	"frame": {"x":1250,"y":383,"w":140,"h":397},
	"rotated": false,
	"trimmed": true,
	"spriteSourceSize": {"x":10,"y":29,"w":168,"h":428},
	"sourceSize": {"w":168,"h":428}
},
"fire0046":
{
	"frame": {"x":568,"y":788,"w":124,"h":379},
	"rotated": false,
	"trimmed": true,
	"spriteSourceSize": {"x":23,"y":48,"w":168,"h":428},
	"sourceSize": {"w":168,"h":428}
},
"fire0047":
{
	"frame": {"x":1103,"y":383,"w":145,"h":389},
	"rotated": false,
	"trimmed": true,
	"spriteSourceSize": {"x":12,"y":38,"w":168,"h":428},
	"sourceSize": {"w":168,"h":428}
},
"fire0048":
{
	"frame": {"x":950,"y":3,"w":151,"h":404},
	"rotated": false,
	"trimmed": true,
	"spriteSourceSize": {"x":6,"y":22,"w":168,"h":428},
	"sourceSize": {"w":168,"h":428}
},
"fire0049":
{
	"frame": {"x":3,"y":3,"w":154,"h":426},
	"rotated": false,
	"trimmed": true,
	"spriteSourceSize": {"x":3,"y":0,"w":168,"h":428},
	"sourceSize": {"w":168,"h":428}
},
"fire0050":
{
	"frame": {"x":1421,"y":3,"w":156,"h":379},
	"rotated": false,
	"trimmed": true,
	"spriteSourceSize": {"x":1,"y":47,"w":168,"h":428},
	"sourceSize": {"w":168,"h":428}
},
"fire0051":
{
	"frame": {"x":1868,"y":384,"w":142,"h":378},
	"rotated": false,
	"trimmed": true,
	"spriteSourceSize": {"x":18,"y":48,"w":168,"h":428},
	"sourceSize": {"w":168,"h":428}
},
"fire0052":
{
	"frame": {"x":1579,"y":3,"w":148,"h":392},
	"rotated": false,
	"trimmed": true,
	"spriteSourceSize": {"x":15,"y":34,"w":168,"h":428},
	"sourceSize": {"w":168,"h":428}
},
"fire0053":
{
	"frame": {"x":645,"y":3,"w":156,"h":399},
	"rotated": false,
	"trimmed": true,
	"spriteSourceSize": {"x":12,"y":27,"w":168,"h":428},
	"sourceSize": {"w":168,"h":428}
},
"fire0054":
{
	"frame": {"x":298,"y":396,"w":133,"h":401},
	"rotated": false,
	"trimmed": true,
	"spriteSourceSize": {"x":10,"y":26,"w":168,"h":428},
	"sourceSize": {"w":168,"h":428}
},
"fire0055":
{
	"frame": {"x":568,"y":404,"w":139,"h":382},
	"rotated": false,
	"trimmed": true,
	"spriteSourceSize": {"x":6,"y":45,"w":168,"h":428},
	"sourceSize": {"w":168,"h":428}
},
"fire0056":
{
	"frame": {"x":1534,"y":397,"w":137,"h":389},
	"rotated": false,
	"trimmed": true,
	"spriteSourceSize": {"x":10,"y":37,"w":168,"h":428},
	"sourceSize": {"w":168,"h":428}
},
"fire0057":
{
	"frame": {"x":1392,"y":384,"w":140,"h":397},
	"rotated": false,
	"trimmed": true,
	"spriteSourceSize": {"x":10,"y":29,"w":168,"h":428},
	"sourceSize": {"w":168,"h":428}
},
"fire0058":
{
	"frame": {"x":1868,"y":764,"w":133,"h":379},
	"rotated": false,
	"trimmed": true,
	"spriteSourceSize": {"x":14,"y":48,"w":168,"h":428},
	"sourceSize": {"w":168,"h":428}
},
"fire0059":
{
	"frame": {"x":1673,"y":781,"w":127,"h":388},
	"rotated": false,
	"trimmed": true,
	"spriteSourceSize": {"x":17,"y":38,"w":168,"h":428},
	"sourceSize": {"w":168,"h":428}
},
"fire0060":
{
	"frame": {"x":709,"y":432,"w":125,"h":405},
	"rotated": false,
	"trimmed": true,
	"spriteSourceSize": {"x":21,"y":22,"w":168,"h":428},
	"sourceSize": {"w":168,"h":428}
},
"fire0061":
{
	"frame": {"x":803,"y":3,"w":145,"h":427},
	"rotated": false,
	"trimmed": true,
	"spriteSourceSize": {"x":12,"y":0,"w":168,"h":428},
	"sourceSize": {"w":168,"h":428}
},
"fire0062":
{
	"frame": {"x":1882,"y":3,"w":151,"h":379},
	"rotated": false,
	"trimmed": true,
	"spriteSourceSize": {"x":6,"y":47,"w":168,"h":428},
	"sourceSize": {"w":168,"h":428}
},
"fire0063":
{
	"frame": {"x":1262,"y":3,"w":157,"h":378},
	"rotated": false,
	"trimmed": true,
	"spriteSourceSize": {"x":3,"y":48,"w":168,"h":428},
	"sourceSize": {"w":168,"h":428}
},
"fire0064":
{
	"frame": {"x":323,"y":3,"w":162,"h":391},
	"rotated": false,
	"trimmed": true,
	"spriteSourceSize": {"x":1,"y":34,"w":168,"h":428},
	"sourceSize": {"w":168,"h":428}
},
"pointerAnim0000":
{
	"frame": {"x":836,"y":679,"w":111,"h":115},
	"rotated": false,
	"trimmed": true,
	"spriteSourceSize": {"x":0,"y":0,"w":111,"h":115},
	"sourceSize": {"w":111,"h":115}
},
"pointerAnim0001":
{
	"frame": {"x":1845,"y":1358,"w":111,"h":115},
	"rotated": false,
	"trimmed": true,
	"spriteSourceSize": {"x":0,"y":0,"w":111,"h":115},
	"sourceSize": {"w":111,"h":115}
},
"pointerAnim0002":
{
	"frame": {"x":756,"y":1367,"w":111,"h":115},
	"rotated": false,
	"trimmed": true,
	"spriteSourceSize": {"x":0,"y":0,"w":111,"h":115},
	"sourceSize": {"w":111,"h":115}
},
"pointerAnim0003":
{
	"frame": {"x":869,"y":1367,"w":111,"h":115},
	"rotated": false,
	"trimmed": true,
	"spriteSourceSize": {"x":0,"y":0,"w":111,"h":115},
	"sourceSize": {"w":111,"h":115}
},
"pointerAnim0004":
{
	"frame": {"x":1489,"y":1369,"w":111,"h":115},
	"rotated": false,
	"trimmed": true,
	"spriteSourceSize": {"x":0,"y":0,"w":111,"h":115},
	"sourceSize": {"w":111,"h":115}
},
"pointerAnim0005":
{
	"frame": {"x":434,"y":1374,"w":111,"h":115},
	"rotated": false,
	"trimmed": true,
	"spriteSourceSize": {"x":0,"y":0,"w":111,"h":115},
	"sourceSize": {"w":111,"h":115}
},
"pointerAnim0006":
{
	"frame": {"x":1845,"y":1475,"w":111,"h":115},
	"rotated": false,
	"trimmed": true,
	"spriteSourceSize": {"x":0,"y":0,"w":111,"h":115},
	"sourceSize": {"w":111,"h":115}
},
"pointerAnim0007":
{
	"frame": {"x":165,"y":1238,"w":111,"h":114},
	"rotated": false,
	"trimmed": true,
	"spriteSourceSize": {"x":0,"y":0,"w":111,"h":115},
	"sourceSize": {"w":111,"h":115}
},
"pointerAnim0008":
{
	"frame": {"x":756,"y":1484,"w":111,"h":114},
	"rotated": false,
	"trimmed": true,
	"spriteSourceSize": {"x":0,"y":0,"w":111,"h":115},
	"sourceSize": {"w":111,"h":115}
},
"pointerAnim0009":
{
	"frame": {"x":869,"y":1484,"w":111,"h":114},
	"rotated": false,
	"trimmed": true,
	"spriteSourceSize": {"x":0,"y":0,"w":111,"h":115},
	"sourceSize": {"w":111,"h":115}
},
"pointerAnim0010":
{
	"frame": {"x":1489,"y":1486,"w":111,"h":114},
	"rotated": false,
	"trimmed": true,
	"spriteSourceSize": {"x":0,"y":0,"w":111,"h":115},
	"sourceSize": {"w":111,"h":115}
},
"pointerAnim0011":
{
	"frame": {"x":434,"y":1491,"w":111,"h":113},
	"rotated": false,
	"trimmed": true,
	"spriteSourceSize": {"x":0,"y":1,"w":111,"h":115},
	"sourceSize": {"w":111,"h":115}
},
"pointerAnim0012":
{
	"frame": {"x":1602,"y":1506,"w":110,"h":113},
	"rotated": false,
	"trimmed": true,
	"spriteSourceSize": {"x":1,"y":1,"w":111,"h":115},
	"sourceSize": {"w":111,"h":115}
},
"pointerAnim0013":
{
	"frame": {"x":298,"y":1506,"w":111,"h":113},
	"rotated": false,
	"trimmed": true,
	"spriteSourceSize": {"x":0,"y":0,"w":111,"h":115},
	"sourceSize": {"w":111,"h":115}
},
"tapAnim0000":
{
	"frame": {"x":603,"y":1248,"w":75,"h":84},
	"rotated": false,
	"trimmed": true,
	"spriteSourceSize": {"x":18,"y":0,"w":105,"h":86},
	"sourceSize": {"w":105,"h":86}
},
"tapAnim0001":
{
	"frame": {"x":993,"y":973,"w":81,"h":80},
	"rotated": false,
	"trimmed": true,
	"spriteSourceSize": {"x":12,"y":4,"w":105,"h":86},
	"sourceSize": {"w":105,"h":86}
},
"tapAnim0002":
{
	"frame": {"x":603,"y":1169,"w":84,"h":77},
	"rotated": false,
	"trimmed": true,
	"spriteSourceSize": {"x":12,"y":8,"w":105,"h":86},
	"sourceSize": {"w":105,"h":86}
},
"tapAnim0003":
{
	"frame": {"x":1714,"y":1506,"w":86,"h":73},
	"rotated": false,
	"trimmed": true,
	"spriteSourceSize": {"x":12,"y":12,"w":105,"h":86},
	"sourceSize": {"w":105,"h":86}
},
"tapAnim0004":
{
	"frame": {"x":982,"y":1515,"w":88,"h":68},
	"rotated": false,
	"trimmed": true,
	"spriteSourceSize": {"x":12,"y":16,"w":105,"h":86},
	"sourceSize": {"w":105,"h":86}
},
"tapAnim0005":
{
	"frame": {"x":158,"y":1510,"w":91,"h":67},
	"rotated": false,
	"trimmed": true,
	"spriteSourceSize": {"x":12,"y":17,"w":105,"h":86},
	"sourceSize": {"w":105,"h":86}
},
"tapAnim0006":
{
	"frame": {"x":694,"y":999,"w":104,"h":67},
	"rotated": false,
	"trimmed": true,
	"spriteSourceSize": {"x":0,"y":16,"w":105,"h":86},
	"sourceSize": {"w":105,"h":86}
},
"tapAnim0007":
{
	"frame": {"x":1602,"y":1369,"w":104,"h":67},
	"rotated": false,
	"trimmed": true,
	"spriteSourceSize": {"x":0,"y":16,"w":105,"h":86},
	"sourceSize": {"w":105,"h":86}
},
"tapAnim0008":
{
	"frame": {"x":1602,"y":1369,"w":104,"h":67},
	"rotated": false,
	"trimmed": true,
	"spriteSourceSize": {"x":0,"y":16,"w":105,"h":86},
	"sourceSize": {"w":105,"h":86}
},
"tapAnim0009":
{
	"frame": {"x":694,"y":999,"w":104,"h":67},
	"rotated": false,
	"trimmed": true,
	"spriteSourceSize": {"x":0,"y":16,"w":105,"h":86},
	"sourceSize": {"w":105,"h":86}
},
"tapAnim0010":
{
	"frame": {"x":1602,"y":1438,"w":89,"h":66},
	"rotated": false,
	"trimmed": true,
	"spriteSourceSize": {"x":16,"y":18,"w":105,"h":86},
	"sourceSize": {"w":105,"h":86}
},
"tapAnim0011":
{
	"frame": {"x":1958,"y":1358,"w":87,"h":71},
	"rotated": false,
	"trimmed": true,
	"spriteSourceSize": {"x":16,"y":14,"w":105,"h":86},
	"sourceSize": {"w":105,"h":86}
},
"tapAnim0012":
{
	"frame": {"x":1713,"y":1252,"w":85,"h":74},
	"rotated": false,
	"trimmed": true,
	"spriteSourceSize": {"x":16,"y":11,"w":105,"h":86},
	"sourceSize": {"w":105,"h":86}
},
"tapAnim0013":
{
	"frame": {"x":1713,"y":1171,"w":81,"h":79},
	"rotated": false,
	"trimmed": true,
	"spriteSourceSize": {"x":17,"y":7,"w":105,"h":86},
	"sourceSize": {"w":105,"h":86}
},
"tapAnim0014":
{
	"frame": {"x":1963,"y":1232,"w":79,"h":80},
	"rotated": false,
	"trimmed": true,
	"spriteSourceSize": {"x":17,"y":4,"w":105,"h":86},
	"sourceSize": {"w":105,"h":86}
},
"tapAnim0015":
{
	"frame": {"x":1963,"y":1145,"w":75,"h":85},
	"rotated": false,
	"trimmed": true,
	"spriteSourceSize": {"x":18,"y":0,"w":105,"h":86},
	"sourceSize": {"w":105,"h":86}
}},
"meta": {
	"app": "Adobe Animate",
	"version": "16.1.0.86",
	"image": "fx.png",
	"format": "RGBA8888",
	"size": {"w":2048,"h":2048},
	"scale": "1"
}
}
