{"frames":[{"filename":"Score Icon instance 10000","frame":{"x":2133,"y":2282,"w":19,"h":19},"rotated":false,"trimmed":false,"spriteSourceSize":{"x":0,"y":0,"w":19,"h":19},"sourceSize":{"w":19,"h":19}},{"filename":"buttonCreditsMainMenu0000","frame":{"x":1618,"y":293,"w":141,"h":143},"rotated":false,"trimmed":false,"spriteSourceSize":{"x":0,"y":0,"w":141,"h":143},"sourceSize":{"w":141,"h":143}},{"filename":"buttonCreditsMainMenu0001","frame":{"x":1618,"y":476,"w":141,"h":143},"rotated":false,"trimmed":false,"spriteSourceSize":{"x":0,"y":0,"w":141,"h":143},"sourceSize":{"w":141,"h":143}},{"filename":"buttonCreditsMainMenu0002","frame":{"x":1618,"y":659,"w":141,"h":143},"rotated":false,"trimmed":false,"spriteSourceSize":{"x":0,"y":0,"w":141,"h":143},"sourceSize":{"w":141,"h":143}},{"filename":"buttonEnterFullScreen0000","frame":{"x":1877,"y":366,"w":141,"h":141},"rotated":false,"trimmed":false,"spriteSourceSize":{"x":0,"y":0,"w":141,"h":141},"sourceSize":{"w":141,"h":141}},{"filename":"buttonEnterFullScreen0001","frame":{"x":1877,"y":547,"w":141,"h":141},"rotated":false,"trimmed":false,"spriteSourceSize":{"x":0,"y":0,"w":141,"h":141},"sourceSize":{"w":141,"h":141}},{"filename":"buttonEnterFullScreen0002","frame":{"x":1877,"y":728,"w":141,"h":141},"rotated":false,"trimmed":false,"spriteSourceSize":{"x":0,"y":0,"w":141,"h":141},"sourceSize":{"w":141,"h":141}},{"filename":"buttonExitFullScreen0000","frame":{"x":1877,"y":909,"w":141,"h":141},"rotated":false,"trimmed":false,"spriteSourceSize":{"x":0,"y":0,"w":141,"h":141},"sourceSize":{"w":141,"h":141}},{"filename":"buttonExitFullScreen0001","frame":{"x":1877,"y":1090,"w":141,"h":141},"rotated":false,"trimmed":false,"spriteSourceSize":{"x":0,"y":0,"w":141,"h":141},"sourceSize":{"w":141,"h":141}},{"filename":"buttonExitFullScreen0002","frame":{"x":1877,"y":1271,"w":141,"h":141},"rotated":false,"trimmed":false,"spriteSourceSize":{"x":0,"y":0,"w":141,"h":141},"sourceSize":{"w":141,"h":141}},{"filename":"buttonHomeGray0000","frame":{"x":1753,"y":2111,"w":117,"h":115},"rotated":false,"trimmed":false,"spriteSourceSize":{"x":0,"y":0,"w":117,"h":115},"sourceSize":{"w":117,"h":115}},{"filename":"buttonHomeGray0001","frame":{"x":1910,"y":2111,"w":117,"h":115},"rotated":false,"trimmed":false,"spriteSourceSize":{"x":0,"y":0,"w":117,"h":115},"sourceSize":{"w":117,"h":115}},{"filename":"buttonHomeGray0002","frame":{"x":2067,"y":2111,"w":117,"h":115},"rotated":false,"trimmed":false,"spriteSourceSize":{"x":0,"y":0,"w":117,"h":115},"sourceSize":{"w":117,"h":115}},{"filename":"buttonHomeLevels0000","frame":{"x":1877,"y":1452,"w":141,"h":141},"rotated":false,"trimmed":false,"spriteSourceSize":{"x":0,"y":0,"w":141,"h":141},"sourceSize":{"w":141,"h":141}},{"filename":"buttonHomeLevels0001","frame":{"x":1877,"y":1633,"w":141,"h":141},"rotated":false,"trimmed":false,"spriteSourceSize":{"x":0,"y":0,"w":141,"h":141},"sourceSize":{"w":141,"h":141}},{"filename":"buttonHomeLevels0002","frame":{"x":1877,"y":1814,"w":141,"h":141},"rotated":false,"trimmed":false,"spriteSourceSize":{"x":0,"y":0,"w":141,"h":141},"sourceSize":{"w":141,"h":141}},{"filename":"buttonMoreMainMenu0000","frame":{"x":1618,"y":842,"w":141,"h":143},"rotated":false,"trimmed":false,"spriteSourceSize":{"x":0,"y":0,"w":141,"h":143},"sourceSize":{"w":141,"h":143}},{"filename":"buttonMoreMainMenu0001","frame":{"x":1618,"y":1025,"w":141,"h":143},"rotated":false,"trimmed":false,"spriteSourceSize":{"x":0,"y":0,"w":141,"h":143},"sourceSize":{"w":141,"h":143}},{"filename":"buttonMoreMainMenu0002","frame":{"x":1618,"y":1208,"w":141,"h":143},"rotated":false,"trimmed":false,"spriteSourceSize":{"x":0,"y":0,"w":141,"h":143},"sourceSize":{"w":141,"h":143}},{"filename":"buttonNextYellow0000","frame":{"x":0,"y":2111,"w":142,"h":131},"rotated":false,"trimmed":false,"spriteSourceSize":{"x":0,"y":0,"w":142,"h":131},"sourceSize":{"w":142,"h":131}},{"filename":"buttonNextYellow0001","frame":{"x":182,"y":2111,"w":142,"h":131},"rotated":false,"trimmed":false,"spriteSourceSize":{"x":0,"y":0,"w":142,"h":131},"sourceSize":{"w":142,"h":131}},{"filename":"buttonNextYellow0002","frame":{"x":364,"y":2111,"w":142,"h":131},"rotated":false,"trimmed":false,"spriteSourceSize":{"x":0,"y":0,"w":142,"h":131},"sourceSize":{"w":142,"h":131}},{"filename":"buttonPlayMainMenu0000","frame":{"x":476,"y":1282,"w":261,"h":265},"rotated":false,"trimmed":false,"spriteSourceSize":{"x":0,"y":0,"w":261,"h":265},"sourceSize":{"w":261,"h":265}},{"filename":"buttonPlayMainMenu0001","frame":{"x":777,"y":1282,"w":261,"h":265},"rotated":false,"trimmed":false,"spriteSourceSize":{"x":0,"y":0,"w":261,"h":265},"sourceSize":{"w":261,"h":265}},{"filename":"buttonPlayMainMenu0002","frame":{"x":1078,"y":1282,"w":261,"h":265},"rotated":false,"trimmed":false,"spriteSourceSize":{"x":0,"y":0,"w":261,"h":265},"sourceSize":{"w":261,"h":265}},{"filename":"buttonRestartGray0000","frame":{"x":2058,"y":543,"w":117,"h":115},"rotated":false,"trimmed":false,"spriteSourceSize":{"x":0,"y":0,"w":117,"h":115},"sourceSize":{"w":117,"h":115}},{"filename":"buttonRestartGray0001","frame":{"x":2058,"y":698,"w":117,"h":115},"rotated":false,"trimmed":false,"spriteSourceSize":{"x":0,"y":0,"w":117,"h":115},"sourceSize":{"w":117,"h":115}},{"filename":"buttonRestartGray0002","frame":{"x":2058,"y":853,"w":117,"h":115},"rotated":false,"trimmed":false,"spriteSourceSize":{"x":0,"y":0,"w":117,"h":115},"sourceSize":{"w":117,"h":115}},{"filename":"buttonRestartRed0000","frame":{"x":546,"y":2111,"w":142,"h":131},"rotated":false,"trimmed":false,"spriteSourceSize":{"x":0,"y":0,"w":142,"h":131},"sourceSize":{"w":142,"h":131}},{"filename":"buttonRestartRed0001","frame":{"x":728,"y":2111,"w":142,"h":131},"rotated":false,"trimmed":false,"spriteSourceSize":{"x":0,"y":0,"w":142,"h":131},"sourceSize":{"w":142,"h":131}},{"filename":"buttonRestartRed0002","frame":{"x":910,"y":2111,"w":142,"h":131},"rotated":false,"trimmed":false,"spriteSourceSize":{"x":0,"y":0,"w":142,"h":131},"sourceSize":{"w":142,"h":131}},{"filename":"buttonResumeYellow0000","frame":{"x":1092,"y":2111,"w":142,"h":131},"rotated":false,"trimmed":false,"spriteSourceSize":{"x":0,"y":0,"w":142,"h":131},"sourceSize":{"w":142,"h":131}},{"filename":"buttonResumeYellow0001","frame":{"x":1274,"y":2111,"w":142,"h":131},"rotated":false,"trimmed":false,"spriteSourceSize":{"x":0,"y":0,"w":142,"h":131},"sourceSize":{"w":142,"h":131}},{"filename":"buttonResumeYellow0002","frame":{"x":1456,"y":2111,"w":142,"h":131},"rotated":false,"trimmed":false,"spriteSourceSize":{"x":0,"y":0,"w":142,"h":131},"sourceSize":{"w":142,"h":131}},{"filename":"buttonShining0000","frame":{"x":2015,"y":1995,"w":3,"h":74},"rotated":false,"trimmed":false,"spriteSourceSize":{"x":0,"y":0,"w":3,"h":74},"sourceSize":{"w":3,"h":74}},{"filename":"buttonShining0001","frame":{"x":2058,"y":1938,"w":3,"h":74},"rotated":false,"trimmed":false,"spriteSourceSize":{"x":0,"y":0,"w":3,"h":74},"sourceSize":{"w":3,"h":74}},{"filename":"buttonShining0002","frame":{"x":2101,"y":1938,"w":3,"h":74},"rotated":false,"trimmed":false,"spriteSourceSize":{"x":0,"y":0,"w":3,"h":74},"sourceSize":{"w":3,"h":74}},{"filename":"buttonShining0003","frame":{"x":2144,"y":1938,"w":3,"h":74},"rotated":false,"trimmed":false,"spriteSourceSize":{"x":0,"y":0,"w":3,"h":74},"sourceSize":{"w":3,"h":74}},{"filename":"buttonShining0004","frame":{"x":2187,"y":1938,"w":3,"h":74},"rotated":false,"trimmed":false,"spriteSourceSize":{"x":0,"y":0,"w":3,"h":74},"sourceSize":{"w":3,"h":74}},{"filename":"buttonShining0005","frame":{"x":2239,"y":0,"w":3,"h":74},"rotated":false,"trimmed":false,"spriteSourceSize":{"x":0,"y":0,"w":3,"h":74},"sourceSize":{"w":3,"h":74}},{"filename":"buttonShining0006","frame":{"x":2239,"y":114,"w":3,"h":74},"rotated":false,"trimmed":false,"spriteSourceSize":{"x":0,"y":0,"w":3,"h":74},"sourceSize":{"w":3,"h":74}},{"filename":"buttonShining0007","frame":{"x":2239,"y":228,"w":3,"h":74},"rotated":false,"trimmed":false,"spriteSourceSize":{"x":0,"y":0,"w":3,"h":74},"sourceSize":{"w":3,"h":74}},{"filename":"buttonShining0008","frame":{"x":2239,"y":342,"w":3,"h":74},"rotated":false,"trimmed":false,"spriteSourceSize":{"x":0,"y":0,"w":3,"h":74},"sourceSize":{"w":3,"h":74}},{"filename":"buttonShining0009","frame":{"x":2239,"y":456,"w":3,"h":74},"rotated":false,"trimmed":false,"spriteSourceSize":{"x":0,"y":0,"w":3,"h":74},"sourceSize":{"w":3,"h":74}},{"filename":"buttonShining0010","frame":{"x":2239,"y":570,"w":3,"h":74},"rotated":false,"trimmed":false,"spriteSourceSize":{"x":0,"y":0,"w":3,"h":74},"sourceSize":{"w":3,"h":74}},{"filename":"buttonShining0011","frame":{"x":2239,"y":684,"w":3,"h":74},"rotated":false,"trimmed":false,"spriteSourceSize":{"x":0,"y":0,"w":3,"h":74},"sourceSize":{"w":3,"h":74}},{"filename":"buttonShining0012","frame":{"x":1925,"y":1995,"w":5,"h":74},"rotated":false,"trimmed":false,"spriteSourceSize":{"x":0,"y":0,"w":5,"h":74},"sourceSize":{"w":5,"h":74}},{"filename":"buttonShining0013","frame":{"x":1799,"y":293,"w":9,"h":74},"rotated":false,"trimmed":false,"spriteSourceSize":{"x":0,"y":0,"w":9,"h":74},"sourceSize":{"w":9,"h":74}},{"filename":"buttonShining0014","frame":{"x":1795,"y":1627,"w":11,"h":74},"rotated":false,"trimmed":false,"spriteSourceSize":{"x":0,"y":0,"w":11,"h":74},"sourceSize":{"w":11,"h":74}},{"filename":"buttonShining0015","frame":{"x":1554,"y":670,"w":10,"h":74},"rotated":false,"trimmed":false,"spriteSourceSize":{"x":0,"y":0,"w":10,"h":74},"sourceSize":{"w":10,"h":74}},{"filename":"buttonShining0016","frame":{"x":1028,"y":1026,"w":11,"h":74},"rotated":false,"trimmed":false,"spriteSourceSize":{"x":0,"y":0,"w":11,"h":74},"sourceSize":{"w":11,"h":74}},{"filename":"buttonShining0017","frame":{"x":1799,"y":1391,"w":10,"h":74},"rotated":false,"trimmed":false,"spriteSourceSize":{"x":0,"y":0,"w":10,"h":74},"sourceSize":{"w":10,"h":74}},{"filename":"buttonShining0018","frame":{"x":1079,"y":1026,"w":11,"h":74},"rotated":false,"trimmed":false,"spriteSourceSize":{"x":0,"y":0,"w":11,"h":74},"sourceSize":{"w":11,"h":74}},{"filename":"buttonShining0019","frame":{"x":1799,"y":1208,"w":10,"h":74},"rotated":false,"trimmed":false,"spriteSourceSize":{"x":0,"y":0,"w":10,"h":74},"sourceSize":{"w":10,"h":74}},{"filename":"buttonShining0020","frame":{"x":1498,"y":864,"w":11,"h":74},"rotated":false,"trimmed":false,"spriteSourceSize":{"x":0,"y":0,"w":11,"h":74},"sourceSize":{"w":11,"h":74}},{"filename":"buttonShining0021","frame":{"x":1799,"y":1025,"w":10,"h":74},"rotated":false,"trimmed":false,"spriteSourceSize":{"x":0,"y":0,"w":10,"h":74},"sourceSize":{"w":10,"h":74}},{"filename":"buttonShining0022","frame":{"x":1498,"y":978,"w":11,"h":74},"rotated":false,"trimmed":false,"spriteSourceSize":{"x":0,"y":0,"w":11,"h":74},"sourceSize":{"w":11,"h":74}},{"filename":"buttonShining0023","frame":{"x":1498,"y":1092,"w":11,"h":74},"rotated":false,"trimmed":false,"spriteSourceSize":{"x":0,"y":0,"w":11,"h":74},"sourceSize":{"w":11,"h":74}},{"filename":"buttonShining0024","frame":{"x":1549,"y":1092,"w":11,"h":74},"rotated":false,"trimmed":false,"spriteSourceSize":{"x":0,"y":0,"w":11,"h":74},"sourceSize":{"w":11,"h":74}},{"filename":"buttonShining0025","frame":{"x":1549,"y":978,"w":11,"h":74},"rotated":false,"trimmed":false,"spriteSourceSize":{"x":0,"y":0,"w":11,"h":74},"sourceSize":{"w":11,"h":74}},{"filename":"buttonShining0026","frame":{"x":1799,"y":842,"w":10,"h":74},"rotated":false,"trimmed":false,"spriteSourceSize":{"x":0,"y":0,"w":10,"h":74},"sourceSize":{"w":10,"h":74}},{"filename":"buttonShining0027","frame":{"x":1549,"y":864,"w":11,"h":74},"rotated":false,"trimmed":false,"spriteSourceSize":{"x":0,"y":0,"w":11,"h":74},"sourceSize":{"w":11,"h":74}},{"filename":"buttonShining0028","frame":{"x":1799,"y":659,"w":10,"h":74},"rotated":false,"trimmed":false,"spriteSourceSize":{"x":0,"y":0,"w":10,"h":74},"sourceSize":{"w":10,"h":74}},{"filename":"buttonShining0029","frame":{"x":1452,"y":670,"w":11,"h":74},"rotated":false,"trimmed":false,"spriteSourceSize":{"x":0,"y":0,"w":11,"h":74},"sourceSize":{"w":11,"h":74}},{"filename":"buttonShining0030","frame":{"x":1799,"y":476,"w":10,"h":74},"rotated":false,"trimmed":false,"spriteSourceSize":{"x":0,"y":0,"w":10,"h":74},"sourceSize":{"w":10,"h":74}},{"filename":"buttonShining0031","frame":{"x":1503,"y":670,"w":11,"h":74},"rotated":false,"trimmed":false,"spriteSourceSize":{"x":0,"y":0,"w":11,"h":74},"sourceSize":{"w":11,"h":74}},{"filename":"buttonShining0032","frame":{"x":1877,"y":1995,"w":8,"h":74},"rotated":false,"trimmed":false,"spriteSourceSize":{"x":0,"y":0,"w":8,"h":74},"sourceSize":{"w":8,"h":74}},{"filename":"buttonShining0033","frame":{"x":1970,"y":1995,"w":5,"h":74},"rotated":false,"trimmed":false,"spriteSourceSize":{"x":0,"y":0,"w":5,"h":74},"sourceSize":{"w":5,"h":74}},{"filename":"buttonShining0034","frame":{"x":2239,"y":798,"w":3,"h":74},"rotated":false,"trimmed":false,"spriteSourceSize":{"x":0,"y":0,"w":3,"h":74},"sourceSize":{"w":3,"h":74}},{"filename":"buttonShining0035","frame":{"x":2239,"y":912,"w":3,"h":74},"rotated":false,"trimmed":false,"spriteSourceSize":{"x":0,"y":0,"w":3,"h":74},"sourceSize":{"w":3,"h":74}},{"filename":"buttonShining0036","frame":{"x":2239,"y":1026,"w":3,"h":74},"rotated":false,"trimmed":false,"spriteSourceSize":{"x":0,"y":0,"w":3,"h":74},"sourceSize":{"w":3,"h":74}},{"filename":"buttonShining0037","frame":{"x":2239,"y":1140,"w":3,"h":74},"rotated":false,"trimmed":false,"spriteSourceSize":{"x":0,"y":0,"w":3,"h":74},"sourceSize":{"w":3,"h":74}},{"filename":"buttonShining0038","frame":{"x":2239,"y":1254,"w":3,"h":74},"rotated":false,"trimmed":false,"spriteSourceSize":{"x":0,"y":0,"w":3,"h":74},"sourceSize":{"w":3,"h":74}},{"filename":"buttonShining0039","frame":{"x":2239,"y":1368,"w":3,"h":74},"rotated":false,"trimmed":false,"spriteSourceSize":{"x":0,"y":0,"w":3,"h":74},"sourceSize":{"w":3,"h":74}},{"filename":"buttonShining0040","frame":{"x":2239,"y":1482,"w":3,"h":74},"rotated":false,"trimmed":false,"spriteSourceSize":{"x":0,"y":0,"w":3,"h":74},"sourceSize":{"w":3,"h":74}},{"filename":"buttonShining0041","frame":{"x":2239,"y":1596,"w":3,"h":74},"rotated":false,"trimmed":false,"spriteSourceSize":{"x":0,"y":0,"w":3,"h":74},"sourceSize":{"w":3,"h":74}},{"filename":"buttonShining0042","frame":{"x":2239,"y":1710,"w":3,"h":74},"rotated":false,"trimmed":false,"spriteSourceSize":{"x":0,"y":0,"w":3,"h":74},"sourceSize":{"w":3,"h":74}},{"filename":"buttonShining0043","frame":{"x":2239,"y":1824,"w":3,"h":74},"rotated":false,"trimmed":false,"spriteSourceSize":{"x":0,"y":0,"w":3,"h":74},"sourceSize":{"w":3,"h":74}},{"filename":"buttonShining0044","frame":{"x":2239,"y":1938,"w":3,"h":74},"rotated":false,"trimmed":false,"spriteSourceSize":{"x":0,"y":0,"w":3,"h":74},"sourceSize":{"w":3,"h":74}},{"filename":"buttonShining0045","frame":{"x":2239,"y":2052,"w":3,"h":74},"rotated":false,"trimmed":false,"spriteSourceSize":{"x":0,"y":0,"w":3,"h":74},"sourceSize":{"w":3,"h":74}},{"filename":"buttonShining0046","frame":{"x":2239,"y":2166,"w":3,"h":74},"rotated":false,"trimmed":false,"spriteSourceSize":{"x":0,"y":0,"w":3,"h":74},"sourceSize":{"w":3,"h":74}},{"filename":"buttonShining0047","frame":{"x":2282,"y":0,"w":3,"h":74},"rotated":false,"trimmed":false,"spriteSourceSize":{"x":0,"y":0,"w":3,"h":74},"sourceSize":{"w":3,"h":74}},{"filename":"buttonShining0048","frame":{"x":2282,"y":114,"w":3,"h":74},"rotated":false,"trimmed":false,"spriteSourceSize":{"x":0,"y":0,"w":3,"h":74},"sourceSize":{"w":3,"h":74}},{"filename":"buttonShining0049","frame":{"x":2282,"y":228,"w":3,"h":74},"rotated":false,"trimmed":false,"spriteSourceSize":{"x":0,"y":0,"w":3,"h":74},"sourceSize":{"w":3,"h":74}},{"filename":"buttonShining0050","frame":{"x":2282,"y":342,"w":3,"h":74},"rotated":false,"trimmed":false,"spriteSourceSize":{"x":0,"y":0,"w":3,"h":74},"sourceSize":{"w":3,"h":74}},{"filename":"buttonShining0051","frame":{"x":2282,"y":456,"w":3,"h":74},"rotated":false,"trimmed":false,"spriteSourceSize":{"x":0,"y":0,"w":3,"h":74},"sourceSize":{"w":3,"h":74}},{"filename":"buttonShining0052","frame":{"x":2282,"y":570,"w":3,"h":74},"rotated":false,"trimmed":false,"spriteSourceSize":{"x":0,"y":0,"w":3,"h":74},"sourceSize":{"w":3,"h":74}},{"filename":"buttonShining0053","frame":{"x":2282,"y":684,"w":3,"h":74},"rotated":false,"trimmed":false,"spriteSourceSize":{"x":0,"y":0,"w":3,"h":74},"sourceSize":{"w":3,"h":74}},{"filename":"buttonShining0054","frame":{"x":2282,"y":798,"w":3,"h":74},"rotated":false,"trimmed":false,"spriteSourceSize":{"x":0,"y":0,"w":3,"h":74},"sourceSize":{"w":3,"h":74}},{"filename":"buttonShining0055","frame":{"x":2282,"y":912,"w":3,"h":74},"rotated":false,"trimmed":false,"spriteSourceSize":{"x":0,"y":0,"w":3,"h":74},"sourceSize":{"w":3,"h":74}},{"filename":"buttonShining0056","frame":{"x":2282,"y":1026,"w":3,"h":74},"rotated":false,"trimmed":false,"spriteSourceSize":{"x":0,"y":0,"w":3,"h":74},"sourceSize":{"w":3,"h":74}},{"filename":"buttonShining0057","frame":{"x":2282,"y":1140,"w":3,"h":74},"rotated":false,"trimmed":false,"spriteSourceSize":{"x":0,"y":0,"w":3,"h":74},"sourceSize":{"w":3,"h":74}},{"filename":"buttonShining0058","frame":{"x":2282,"y":1254,"w":3,"h":74},"rotated":false,"trimmed":false,"spriteSourceSize":{"x":0,"y":0,"w":3,"h":74},"sourceSize":{"w":3,"h":74}},{"filename":"buttonShining0059","frame":{"x":2282,"y":1368,"w":3,"h":74},"rotated":false,"trimmed":false,"spriteSourceSize":{"x":0,"y":0,"w":3,"h":74},"sourceSize":{"w":3,"h":74}},{"filename":"buttonShining0060","frame":{"x":2282,"y":1482,"w":3,"h":74},"rotated":false,"trimmed":false,"spriteSourceSize":{"x":0,"y":0,"w":3,"h":74},"sourceSize":{"w":3,"h":74}},{"filename":"buttonShining0061","frame":{"x":2282,"y":1596,"w":3,"h":74},"rotated":false,"trimmed":false,"spriteSourceSize":{"x":0,"y":0,"w":3,"h":74},"sourceSize":{"w":3,"h":74}},{"filename":"buttonShining0062","frame":{"x":2282,"y":1710,"w":3,"h":74},"rotated":false,"trimmed":false,"spriteSourceSize":{"x":0,"y":0,"w":3,"h":74},"sourceSize":{"w":3,"h":74}},{"filename":"buttonShining0063","frame":{"x":2282,"y":1824,"w":3,"h":74},"rotated":false,"trimmed":false,"spriteSourceSize":{"x":0,"y":0,"w":3,"h":74},"sourceSize":{"w":3,"h":74}},{"filename":"buttonShining0064","frame":{"x":2282,"y":1938,"w":3,"h":74},"rotated":false,"trimmed":false,"spriteSourceSize":{"x":0,"y":0,"w":3,"h":74},"sourceSize":{"w":3,"h":74}},{"filename":"buttonShining0065","frame":{"x":2282,"y":2052,"w":3,"h":74},"rotated":false,"trimmed":false,"spriteSourceSize":{"x":0,"y":0,"w":3,"h":74},"sourceSize":{"w":3,"h":74}},{"filename":"buttonShining0066","frame":{"x":2282,"y":2166,"w":3,"h":74},"rotated":false,"trimmed":false,"spriteSourceSize":{"x":0,"y":0,"w":3,"h":74},"sourceSize":{"w":3,"h":74}},{"filename":"buttonShining0067","frame":{"x":2325,"y":0,"w":3,"h":74},"rotated":false,"trimmed":false,"spriteSourceSize":{"x":0,"y":0,"w":3,"h":74},"sourceSize":{"w":3,"h":74}},{"filename":"buttonShining0068","frame":{"x":2325,"y":114,"w":3,"h":74},"rotated":false,"trimmed":false,"spriteSourceSize":{"x":0,"y":0,"w":3,"h":74},"sourceSize":{"w":3,"h":74}},{"filename":"buttonShining0069","frame":{"x":2325,"y":228,"w":3,"h":74},"rotated":false,"trimmed":false,"spriteSourceSize":{"x":0,"y":0,"w":3,"h":74},"sourceSize":{"w":3,"h":74}},{"filename":"buttonShining0070","frame":{"x":2325,"y":342,"w":3,"h":74},"rotated":false,"trimmed":false,"spriteSourceSize":{"x":0,"y":0,"w":3,"h":74},"sourceSize":{"w":3,"h":74}},{"filename":"buttonShining0071","frame":{"x":2325,"y":456,"w":3,"h":74},"rotated":false,"trimmed":false,"spriteSourceSize":{"x":0,"y":0,"w":3,"h":74},"sourceSize":{"w":3,"h":74}},{"filename":"buttonShining0072","frame":{"x":2325,"y":570,"w":3,"h":74},"rotated":false,"trimmed":false,"spriteSourceSize":{"x":0,"y":0,"w":3,"h":74},"sourceSize":{"w":3,"h":74}},{"filename":"buttonShining0073","frame":{"x":2325,"y":684,"w":3,"h":74},"rotated":false,"trimmed":false,"spriteSourceSize":{"x":0,"y":0,"w":3,"h":74},"sourceSize":{"w":3,"h":74}},{"filename":"buttonShining0074","frame":{"x":2325,"y":798,"w":3,"h":74},"rotated":false,"trimmed":false,"spriteSourceSize":{"x":0,"y":0,"w":3,"h":74},"sourceSize":{"w":3,"h":74}},{"filename":"buttonShining0075","frame":{"x":2325,"y":912,"w":3,"h":74},"rotated":false,"trimmed":false,"spriteSourceSize":{"x":0,"y":0,"w":3,"h":74},"sourceSize":{"w":3,"h":74}},{"filename":"buttonShining0076","frame":{"x":2325,"y":1026,"w":3,"h":74},"rotated":false,"trimmed":false,"spriteSourceSize":{"x":0,"y":0,"w":3,"h":74},"sourceSize":{"w":3,"h":74}},{"filename":"buttonShining0077","frame":{"x":2325,"y":1140,"w":3,"h":74},"rotated":false,"trimmed":false,"spriteSourceSize":{"x":0,"y":0,"w":3,"h":74},"sourceSize":{"w":3,"h":74}},{"filename":"buttonShining0078","frame":{"x":2325,"y":1254,"w":3,"h":74},"rotated":false,"trimmed":false,"spriteSourceSize":{"x":0,"y":0,"w":3,"h":74},"sourceSize":{"w":3,"h":74}},{"filename":"buttonShining0079","frame":{"x":2325,"y":1368,"w":3,"h":74},"rotated":false,"trimmed":false,"spriteSourceSize":{"x":0,"y":0,"w":3,"h":74},"sourceSize":{"w":3,"h":74}},{"filename":"buttonShining0080","frame":{"x":2325,"y":1482,"w":3,"h":74},"rotated":false,"trimmed":false,"spriteSourceSize":{"x":0,"y":0,"w":3,"h":74},"sourceSize":{"w":3,"h":74}},{"filename":"buttonShining0081","frame":{"x":2325,"y":1596,"w":3,"h":74},"rotated":false,"trimmed":false,"spriteSourceSize":{"x":0,"y":0,"w":3,"h":74},"sourceSize":{"w":3,"h":74}},{"filename":"buttonShining0082","frame":{"x":2325,"y":1710,"w":3,"h":74},"rotated":false,"trimmed":false,"spriteSourceSize":{"x":0,"y":0,"w":3,"h":74},"sourceSize":{"w":3,"h":74}},{"filename":"buttonShining0083","frame":{"x":2325,"y":1824,"w":3,"h":74},"rotated":false,"trimmed":false,"spriteSourceSize":{"x":0,"y":0,"w":3,"h":74},"sourceSize":{"w":3,"h":74}},{"filename":"buttonShining0084","frame":{"x":2325,"y":1938,"w":3,"h":74},"rotated":false,"trimmed":false,"spriteSourceSize":{"x":0,"y":0,"w":3,"h":74},"sourceSize":{"w":3,"h":74}},{"filename":"buttonShining0085","frame":{"x":2325,"y":2052,"w":3,"h":74},"rotated":false,"trimmed":false,"spriteSourceSize":{"x":0,"y":0,"w":3,"h":74},"sourceSize":{"w":3,"h":74}},{"filename":"buttonShining0086","frame":{"x":2325,"y":2166,"w":3,"h":74},"rotated":false,"trimmed":false,"spriteSourceSize":{"x":0,"y":0,"w":3,"h":74},"sourceSize":{"w":3,"h":74}},{"filename":"buttonShining0087","frame":{"x":0,"y":2282,"w":3,"h":74},"rotated":false,"trimmed":false,"spriteSourceSize":{"x":0,"y":0,"w":3,"h":74},"sourceSize":{"w":3,"h":74}},{"filename":"buttonShining0088","frame":{"x":43,"y":2282,"w":3,"h":74},"rotated":false,"trimmed":false,"spriteSourceSize":{"x":0,"y":0,"w":3,"h":74},"sourceSize":{"w":3,"h":74}},{"filename":"buttonShining0089","frame":{"x":86,"y":2282,"w":3,"h":74},"rotated":false,"trimmed":false,"spriteSourceSize":{"x":0,"y":0,"w":3,"h":74},"sourceSize":{"w":3,"h":74}},{"filename":"buttonShining0090","frame":{"x":129,"y":2282,"w":3,"h":74},"rotated":false,"trimmed":false,"spriteSourceSize":{"x":0,"y":0,"w":3,"h":74},"sourceSize":{"w":3,"h":74}},{"filename":"buttonShining0091","frame":{"x":172,"y":2282,"w":3,"h":74},"rotated":false,"trimmed":false,"spriteSourceSize":{"x":0,"y":0,"w":3,"h":74},"sourceSize":{"w":3,"h":74}},{"filename":"buttonShining0092","frame":{"x":215,"y":2282,"w":3,"h":74},"rotated":false,"trimmed":false,"spriteSourceSize":{"x":0,"y":0,"w":3,"h":74},"sourceSize":{"w":3,"h":74}},{"filename":"buttonShining0093","frame":{"x":258,"y":2282,"w":3,"h":74},"rotated":false,"trimmed":false,"spriteSourceSize":{"x":0,"y":0,"w":3,"h":74},"sourceSize":{"w":3,"h":74}},{"filename":"buttonShining0094","frame":{"x":301,"y":2282,"w":3,"h":74},"rotated":false,"trimmed":false,"spriteSourceSize":{"x":0,"y":0,"w":3,"h":74},"sourceSize":{"w":3,"h":74}},{"filename":"buttonShining0095","frame":{"x":344,"y":2282,"w":3,"h":74},"rotated":false,"trimmed":false,"spriteSourceSize":{"x":0,"y":0,"w":3,"h":74},"sourceSize":{"w":3,"h":74}},{"filename":"buttonShining0096","frame":{"x":387,"y":2282,"w":3,"h":74},"rotated":false,"trimmed":false,"spriteSourceSize":{"x":0,"y":0,"w":3,"h":74},"sourceSize":{"w":3,"h":74}},{"filename":"buttonShining0097","frame":{"x":430,"y":2282,"w":3,"h":74},"rotated":false,"trimmed":false,"spriteSourceSize":{"x":0,"y":0,"w":3,"h":74},"sourceSize":{"w":3,"h":74}},{"filename":"buttonShining0098","frame":{"x":473,"y":2282,"w":3,"h":74},"rotated":false,"trimmed":false,"spriteSourceSize":{"x":0,"y":0,"w":3,"h":74},"sourceSize":{"w":3,"h":74}},{"filename":"buttonShining0099","frame":{"x":516,"y":2282,"w":3,"h":74},"rotated":false,"trimmed":false,"spriteSourceSize":{"x":0,"y":0,"w":3,"h":74},"sourceSize":{"w":3,"h":74}},{"filename":"buttonSoundOffGray0000","frame":{"x":2058,"y":1008,"w":117,"h":115},"rotated":false,"trimmed":false,"spriteSourceSize":{"x":0,"y":0,"w":117,"h":115},"sourceSize":{"w":117,"h":115}},{"filename":"buttonSoundOffGray0001","frame":{"x":2058,"y":1163,"w":117,"h":115},"rotated":false,"trimmed":false,"spriteSourceSize":{"x":0,"y":0,"w":117,"h":115},"sourceSize":{"w":117,"h":115}},{"filename":"buttonSoundOffGray0002","frame":{"x":2058,"y":1318,"w":117,"h":115},"rotated":false,"trimmed":false,"spriteSourceSize":{"x":0,"y":0,"w":117,"h":115},"sourceSize":{"w":117,"h":115}},{"filename":"buttonSoundOffMainMenu0000","frame":{"x":2058,"y":0,"w":141,"h":141},"rotated":false,"trimmed":false,"spriteSourceSize":{"x":0,"y":0,"w":141,"h":141},"sourceSize":{"w":141,"h":141}},{"filename":"buttonSoundOffMainMenu0001","frame":{"x":2058,"y":181,"w":141,"h":141},"rotated":false,"trimmed":false,"spriteSourceSize":{"x":0,"y":0,"w":141,"h":141},"sourceSize":{"w":141,"h":141}},{"filename":"buttonSoundOffMainMenu0002","frame":{"x":2058,"y":362,"w":141,"h":141},"rotated":false,"trimmed":false,"spriteSourceSize":{"x":0,"y":0,"w":141,"h":141},"sourceSize":{"w":141,"h":141}},{"filename":"buttonSoundOnGray0000","frame":{"x":2058,"y":1473,"w":117,"h":115},"rotated":false,"trimmed":false,"spriteSourceSize":{"x":0,"y":0,"w":117,"h":115},"sourceSize":{"w":117,"h":115}},{"filename":"buttonSoundOnGray0001","frame":{"x":2058,"y":1628,"w":117,"h":115},"rotated":false,"trimmed":false,"spriteSourceSize":{"x":0,"y":0,"w":117,"h":115},"sourceSize":{"w":117,"h":115}},{"filename":"buttonSoundOnGray0002","frame":{"x":2058,"y":1783,"w":117,"h":115},"rotated":false,"trimmed":false,"spriteSourceSize":{"x":0,"y":0,"w":117,"h":115},"sourceSize":{"w":117,"h":115}},{"filename":"buttonSoundOnMainMenu0000","frame":{"x":1618,"y":1391,"w":141,"h":143},"rotated":false,"trimmed":false,"spriteSourceSize":{"x":0,"y":0,"w":141,"h":143},"sourceSize":{"w":141,"h":143}},{"filename":"buttonSoundOnMainMenu0001","frame":{"x":1877,"y":0,"w":141,"h":143},"rotated":false,"trimmed":false,"spriteSourceSize":{"x":0,"y":0,"w":141,"h":143},"sourceSize":{"w":141,"h":143}},{"filename":"buttonSoundOnMainMenu0002","frame":{"x":1877,"y":183,"w":141,"h":143},"rotated":false,"trimmed":false,"spriteSourceSize":{"x":0,"y":0,"w":141,"h":143},"sourceSize":{"w":141,"h":143}},{"filename":"c0000","frame":{"x":1004,"y":2282,"w":48,"h":47},"rotated":false,"trimmed":false,"spriteSourceSize":{"x":0,"y":0,"w":48,"h":47},"sourceSize":{"w":48,"h":47}},{"filename":"creditsPlate0000","frame":{"x":1144,"y":0,"w":434,"h":413},"rotated":false,"trimmed":false,"spriteSourceSize":{"x":0,"y":0,"w":434,"h":413},"sourceSize":{"w":434,"h":413}},{"filename":"defeatCrossLeft0000","frame":{"x":1638,"y":2282,"w":73,"h":34},"rotated":false,"trimmed":false,"spriteSourceSize":{"x":0,"y":0,"w":73,"h":34},"sourceSize":{"w":73,"h":34}},{"filename":"defeatCrossLeft0001","frame":{"x":1028,"y":911,"w":73,"h":75},"rotated":false,"trimmed":false,"spriteSourceSize":{"x":0,"y":0,"w":73,"h":75},"sourceSize":{"w":73,"h":75}},{"filename":"defeatCrossLeft0002","frame":{"x":1638,"y":2111,"w":75,"h":122},"rotated":false,"trimmed":false,"spriteSourceSize":{"x":0,"y":0,"w":75,"h":122},"sourceSize":{"w":75,"h":122}},{"filename":"defeatCrossLeft0003","frame":{"x":1201,"y":1899,"w":79,"h":165},"rotated":false,"trimmed":false,"spriteSourceSize":{"x":0,"y":0,"w":79,"h":165},"sourceSize":{"w":79,"h":165}},{"filename":"defeatCrossLeft0004","frame":{"x":684,"y":1627,"w":97,"h":210},"rotated":false,"trimmed":false,"spriteSourceSize":{"x":0,"y":0,"w":97,"h":210},"sourceSize":{"w":97,"h":210}},{"filename":"defeatCrossLeft0005","frame":{"x":1306,"y":453,"w":106,"h":313},"rotated":false,"trimmed":false,"spriteSourceSize":{"x":0,"y":0,"w":106,"h":313},"sourceSize":{"w":106,"h":313}},{"filename":"defeatCrossLeft0006","frame":{"x":885,"y":698,"w":103,"h":422},"rotated":false,"trimmed":false,"spriteSourceSize":{"x":0,"y":0,"w":103,"h":422},"sourceSize":{"w":103,"h":422}},{"filename":"defeatCrossLeft0007","frame":{"x":584,"y":698,"w":104,"h":520},"rotated":false,"trimmed":false,"spriteSourceSize":{"x":0,"y":0,"w":104,"h":520},"sourceSize":{"w":104,"h":520}},{"filename":"defeatCrossLeft0008","frame":{"x":810,"y":0,"w":118,"h":645},"rotated":false,"trimmed":false,"spriteSourceSize":{"x":0,"y":0,"w":118,"h":645},"sourceSize":{"w":118,"h":645}},{"filename":"defeatCrossRight0000","frame":{"x":1320,"y":2282,"w":117,"h":36},"rotated":false,"trimmed":false,"spriteSourceSize":{"x":0,"y":0,"w":117,"h":36},"sourceSize":{"w":117,"h":36}},{"filename":"defeatCrossRight0001","frame":{"x":1320,"y":1899,"w":117,"h":158},"rotated":false,"trimmed":false,"spriteSourceSize":{"x":0,"y":0,"w":117,"h":158},"sourceSize":{"w":117,"h":158}},{"filename":"defeatCrossRight0002","frame":{"x":319,"y":1282,"w":117,"h":279},"rotated":false,"trimmed":false,"spriteSourceSize":{"x":0,"y":0,"w":117,"h":279},"sourceSize":{"w":117,"h":279}},{"filename":"defeatCrossRight0003","frame":{"x":1144,"y":453,"w":122,"h":371},"rotated":false,"trimmed":false,"spriteSourceSize":{"x":0,"y":0,"w":122,"h":371},"sourceSize":{"w":122,"h":371}},{"filename":"defeatCrossRight0004","frame":{"x":728,"y":698,"w":117,"h":483},"rotated":false,"trimmed":false,"spriteSourceSize":{"x":0,"y":0,"w":117,"h":483},"sourceSize":{"w":117,"h":483}},{"filename":"defeatCrossRight0005","frame":{"x":968,"y":0,"w":136,"h":597},"rotated":false,"trimmed":false,"spriteSourceSize":{"x":0,"y":0,"w":136,"h":597},"sourceSize":{"w":136,"h":597}},{"filename":"defeatCrossRight0006","frame":{"x":0,"y":0,"w":136,"h":658},"rotated":false,"trimmed":false,"spriteSourceSize":{"x":0,"y":0,"w":136,"h":658},"sourceSize":{"w":136,"h":658}},{"filename":"defeatTotem0000","frame":{"x":1618,"y":0,"w":219,"h":253},"rotated":false,"trimmed":false,"spriteSourceSize":{"x":0,"y":0,"w":219,"h":253},"sourceSize":{"w":219,"h":253}},{"filename":"digitContainerBackground0000","frame":{"x":1646,"y":1899,"w":151,"h":151},"rotated":false,"trimmed":false,"spriteSourceSize":{"x":0,"y":0,"w":151,"h":151},"sourceSize":{"w":151,"h":151}},{"filename":"feather0000","frame":{"x":654,"y":2282,"w":25,"h":55},"rotated":false,"trimmed":false,"spriteSourceSize":{"x":0,"y":0,"w":25,"h":55},"sourceSize":{"w":25,"h":55}},{"filename":"gameLogo0000","frame":{"x":176,"y":0,"w":594,"h":654},"rotated":false,"trimmed":false,"spriteSourceSize":{"x":0,"y":0,"w":594,"h":654},"sourceSize":{"w":594,"h":654}},{"filename":"gameSubLogo0000","frame":{"x":0,"y":1627,"w":426,"h":232},"rotated":false,"trimmed":false,"spriteSourceSize":{"x":0,"y":0,"w":426,"h":232},"sourceSize":{"w":426,"h":232}},{"filename":"grassMainMenu0000","frame":{"x":719,"y":2282,"w":245,"h":50},"rotated":false,"trimmed":false,"spriteSourceSize":{"x":0,"y":0,"w":245,"h":50},"sourceSize":{"w":245,"h":50}},{"filename":"iconBalls0000","frame":{"x":1477,"y":2282,"w":43,"h":36},"rotated":false,"trimmed":false,"spriteSourceSize":{"x":0,"y":0,"w":43,"h":36},"sourceSize":{"w":43,"h":36}},{"filename":"iconBestScore0000","frame":{"x":1751,"y":2282,"w":36,"h":34},"rotated":false,"trimmed":false,"spriteSourceSize":{"x":0,"y":0,"w":36,"h":34},"sourceSize":{"w":36,"h":34}},{"filename":"iconBonus0000","frame":{"x":1827,"y":2282,"w":34,"h":34},"rotated":false,"trimmed":false,"spriteSourceSize":{"x":0,"y":0,"w":34,"h":34},"sourceSize":{"w":34,"h":34}},{"filename":"iconCombos0000","frame":{"x":1164,"y":2282,"w":38,"h":37},"rotated":false,"trimmed":false,"spriteSourceSize":{"x":0,"y":0,"w":38,"h":37},"sourceSize":{"w":38,"h":37}},{"filename":"iconGaps0000","frame":{"x":1242,"y":2282,"w":38,"h":37},"rotated":false,"trimmed":false,"spriteSourceSize":{"x":0,"y":0,"w":38,"h":37},"sourceSize":{"w":38,"h":37}},{"filename":"iconScore0000","frame":{"x":1092,"y":2282,"w":32,"h":39},"rotated":false,"trimmed":false,"spriteSourceSize":{"x":0,"y":0,"w":32,"h":39},"sourceSize":{"w":32,"h":39}},{"filename":"iconTime0000","frame":{"x":1901,"y":2282,"w":33,"h":33},"rotated":false,"trimmed":false,"spriteSourceSize":{"x":0,"y":0,"w":33,"h":33},"sourceSize":{"w":33,"h":33}},{"filename":"iconTotalScore0000","frame":{"x":1560,"y":2282,"w":38,"h":35},"rotated":false,"trimmed":false,"spriteSourceSize":{"x":0,"y":0,"w":38,"h":35},"sourceSize":{"w":38,"h":35}},{"filename":"levelPlate0000","frame":{"x":1974,"y":2282,"w":119,"h":31},"rotated":false,"trimmed":false,"spriteSourceSize":{"x":0,"y":0,"w":119,"h":31},"sourceSize":{"w":119,"h":31}},{"filename":"levelsArrow0000","frame":{"x":1477,"y":1899,"w":129,"h":154},"rotated":false,"trimmed":false,"spriteSourceSize":{"x":0,"y":0,"w":129,"h":154},"sourceSize":{"w":129,"h":154}},{"filename":"levelsPlayButton0000","frame":{"x":1347,"y":1627,"w":188,"h":188},"rotated":false,"trimmed":false,"spriteSourceSize":{"x":0,"y":0,"w":188,"h":188},"sourceSize":{"w":188,"h":188}},{"filename":"levelsPlayButton0001","frame":{"x":1575,"y":1627,"w":180,"h":180},"rotated":false,"trimmed":false,"spriteSourceSize":{"x":0,"y":0,"w":180,"h":180},"sourceSize":{"w":180,"h":180}},{"filename":"levelsWheel0000","frame":{"x":0,"y":698,"w":544,"h":544},"rotated":false,"trimmed":false,"spriteSourceSize":{"x":0,"y":0,"w":544,"h":544},"sourceSize":{"w":544,"h":544}},{"filename":"lockIcon0000","frame":{"x":559,"y":2282,"w":55,"h":65},"rotated":false,"trimmed":false,"spriteSourceSize":{"x":0,"y":0,"w":55,"h":65},"sourceSize":{"w":55,"h":65}},{"filename":"menuGrassBottom0000","frame":{"x":519,"y":1899,"w":642,"h":170},"rotated":false,"trimmed":false,"spriteSourceSize":{"x":0,"y":0,"w":642,"h":170},"sourceSize":{"w":642,"h":170}},{"filename":"monkeyTotem0000","frame":{"x":466,"y":1627,"w":178,"h":227},"rotated":false,"trimmed":false,"spriteSourceSize":{"x":0,"y":0,"w":178,"h":227},"sourceSize":{"w":178,"h":227}},{"filename":"monsterMainMenu0000","frame":{"x":0,"y":1282,"w":279,"h":305},"rotated":false,"trimmed":false,"spriteSourceSize":{"x":0,"y":0,"w":279,"h":305},"sourceSize":{"w":279,"h":305}},{"filename":"palmLeaf0000","frame":{"x":1028,"y":698,"w":61,"h":173},"rotated":false,"trimmed":false,"spriteSourceSize":{"x":0,"y":0,"w":61,"h":173},"sourceSize":{"w":61,"h":173}},{"filename":"pauseFrame0000","frame":{"x":0,"y":1899,"w":479,"h":172},"rotated":false,"trimmed":false,"spriteSourceSize":{"x":0,"y":0,"w":479,"h":172},"sourceSize":{"w":479,"h":172}},{"filename":"resultsBoard0000","frame":{"x":1144,"y":864,"w":314,"h":317},"rotated":false,"trimmed":false,"spriteSourceSize":{"x":0,"y":0,"w":314,"h":317},"sourceSize":{"w":314,"h":317}},{"filename":"resultsFrame0000","frame":{"x":821,"y":1627,"w":486,"h":198},"rotated":false,"trimmed":false,"spriteSourceSize":{"x":0,"y":0,"w":486,"h":198},"sourceSize":{"w":486,"h":198}},{"filename":"resultsTotem0000","frame":{"x":1452,"y":453,"w":126,"h":177},"rotated":false,"trimmed":false,"spriteSourceSize":{"x":0,"y":0,"w":126,"h":177},"sourceSize":{"w":126,"h":177}},{"filename":"sandClock0000","frame":{"x":1379,"y":1282,"w":195,"h":261},"rotated":false,"trimmed":false,"spriteSourceSize":{"x":0,"y":0,"w":195,"h":261},"sourceSize":{"w":195,"h":261}}],"meta":{"app":"https://www.leshylabs.com/apps/sstool/","version":"Leshy SpriteSheet Tool v0.8.4","image":"ui.png","size":{"w":2328,"h":2356},"scale":1}}